id,name,login
0,iQB59RXgwq,ykm
1,1YwYm7SMWe,jys
2,FuUfWGCWQo,acp
3,SL8OUrcmTZ,lhe
4,9KGpGqoJc3,zfc
5,62pnYMaKEW,luw
6,xwqJTViCDg,yld
7,AKLotL1Sl3,umx
8,K699bz0ntq,dob
9,v8kVu40gZY,mhj
10,t0qLIvzlBx,tuo
11,x2tGKvp42c,exd
12,RikTQWpV8E,pjc
13,Ttb4FiV6MI,moc
14,g0wlfxO7pL,bzu
15,YGhcoQfvrh,bpl
16,0LvKhnuoSo,mfh
17,yJC3RoYdpa,gca
18,dBLBVdde5C,mze
19,rIDFYIrqMg,mah
20,dw5MYMz4Ap,gaa
21,OagkPfWs16,buq
22,2wz3qkEtgx,mnj
23,7ZXbNCROl9,fri
24,K0capNpo5c,oqb
25,MeEiexKcKQ,jzm
26,l5fvG7VIcI,slb
27,xhK8HaKLNb,pfp
28,fzVbEtXmSN,mmy
29,XnIrdFdYgo,cel
30,XRF69DCy4u,xyu
31,4Fp1LqtPt3,eam
32,zdbFM5GLzW,jyz
33,A8auHVKZsw,aos
34,9t1H8E7MFS,brk
35,CQ6H0QKqi7,eiy
36,lV3bMjgDlA,nqy
37,Vh9LOLDdkn,fgt
38,qgq82v2IY3,tag
39,O1GbzyQlgd,cpj
40,GXbc2Y3ush,rlm
41,lTDFg45DvY,opg
42,AstnYL6aD0,rni
43,P9c5vLATQ9,coz
44,XPRsTXIi56,pby
45,Ms7kzN9hgq,pmm
46,WHndl9l0wo,ifj
47,JgV3bfrjvY,kva
48,9DtFRZJzqq,wor
49,rsZU0bjDyg,osy
50,sUyNMvTT6p,otr
51,rhOGq1tejE,run
52,f50MzF7myy,bvq
53,YM1l4YUuld,pji
54,OxvTSezcLj,ely
55,ntZFT2u2fd,xha
56,EszK6Ahz7L,srh
57,q4KXAhrxfM,arb
58,j1fsZTkwSN,qxq
59,mxBPXt6Txh,asp
60,jxYrSDEPvX,sbd
61,fBkWRGLlX5,cts
62,VEdDdqfc9V,sbn
63,uzMSE0pqvf,uba
64,OnIy9JCwxe,erc
65,rWi38hmenM,dzu
66,7WB6xtFaE4,eou
67,8DgWF4sS0B,ojv
68,GLmbGDQygN,inc
69,Ol2v4HIQW4,jbd
70,ANJG0EzwFN,uiv
71,jn5bpFcKA6,cwu
72,SI4dLFGSxP,gsf
73,pe9hfEEsxV,moo
74,0HWkVOSJZM,xwz
75,5nTpxslVYy,jit
76,OZ1JAO3SZN,zin
77,4dVNoEoIzi,evo
78,tCEGaFvGdX,zqh
79,pFpuklZmFD,hcx
80,zQFY6txsu1,oea
81,gIBrMGANb9,yvm
82,qjrrPp1z08,jyb
83,Rivr4P162r,pvq
84,7TV6j9to5S,cpz
85,D54aZIaZnF,uel
86,PRsxNFWYcB,qvr
87,5HynIU3bKi,tuk
88,3Z1mfL9bEI,lbd
89,PDY5pT5THI,acf
90,HsrrzQzM41,kjz
91,autJN6Elue,bov
92,jlXsVDh4Xm,hpk
93,Cz0gm4OECa,yeb
94,KjYvrE57cN,ksd
95,OcBi2dOO4d,xqq
96,95GEH02czn,spq
97,P0r19a9q2I,sht
98,3U1aunYU11,csw
99,y6FtZJhigj,xeb
